{
  "token_acc":0.9998917585,
  "token_p":0.999480497,
  "token_r":0.9988318768,
  "token_f":0.9991560816,
  "ents_p":0.7359550562,
  "ents_r":0.5504201681,
  "ents_f":0.6298076923,
  "ents_per_type":{
    "FASHION_BRAND":{
      "p":0.7359550562,
      "r":0.5504201681,
      "f":0.6298076923
    }
  },
  "speed":27049.00897742
}